<?xml version="1.0" encoding="UTF-8"?>
<environment xmlns:xsi="http://www.w3.org/2001/XMLSchema-instance" 
	xsi:noNamespaceSchemaLocation="../../simulator/schemas/resources/DCwormsResSchema.xsd">
	
	<!-- Data Center description with energy parameters -->
	<resources>
		<globalResource class="SmartElectricalManager" name="electricalManager">
			<plugin>
				<name>datazero.ElectricalManagerPlugin</name>
				<parameter name="powerSources">
					<property name="renewable">
						<value>pv1</value>
					</property>
					<property name="grid">
						<value>grid</value>
					</property>
					<property name="storage">
					</property>
				</parameter>
				
				<!-- Description of 'meta-parameters' used before -->
				
				<parameter name="pv1">
					<property name="resource"><value>photovoltalicPanel</value></property>
					<property name="estimatedEfficiency"><value>1</value></property>
				</parameter>
				
				<parameter name="grid">
					<property name="resource"><value>gridSource</value></property>
					<property name="estimatedEfficiency"><value>1</value></property>
				</parameter>
				
			</plugin>
		</globalResource>
		
		<globalResource class="WeatherManager" name="weatherManager">
			<plugin>
				<name>datazero.weather.WeatherManagerPlugin</name>
			</plugin>
		</globalResource>
	
		<electricalResource class="ElectricalCustom" name="photovoltalicPanel">
			<profile>
				<electricalProducerProfile>
					<electricalProducerPlugin>
						<name>datazero.electrical.PhotovoltalicPanelPlugin</name>
						<parameter name="surface">
							<value unit="m2">12</value>
						</parameter>
						<parameter name="efficiency">
							<value>0.17</value>
						</parameter>
						<parameter name="weatherProvider">
							<value>weatherManager</value>
						</parameter>
					</electricalProducerPlugin>
				</electricalProducerProfile>
			</profile>
			<connectors>
				<output>output</output>
			</connectors>
		</electricalResource>
		
		
		<electricalResource class="ElectricalCustom" name="gridSource">
			<profile>
				<electricalProducerProfile>
					<electricalProducerPlugin>
						<name>example.electrical.ConstantGeneratorExamplePlugin</name>
						<parameter name="power">
							<value unit="W">10000</value>
						</parameter>
					</electricalProducerPlugin>
				</electricalProducerProfile>
			</profile>
			<connectors>
				<output>output</output>
			</connectors>
		</electricalResource>
		
		
		<electricalResource class="ElectricalCustom" name="mixer">
			<profile>
				<electricalProducerProfile>
					<electricalProducerPlugin>
						<name>example.electrical.PriorityMixerPlugin</name>
						<!-- List of input name and corresponding priority (lower is higher priority) -->
						<parameter name="priorities">
							<property name="pvInput"><value>1</value></property>
							<property name="gridInput"><value>3</value></property>
						</parameter>
					</electricalProducerPlugin>
				</electricalProducerProfile>
			</profile>
			<connectors>
				<input>pvInput</input>
				<input>gridInput</input>
				<output>output</output>
			</connectors>
		</electricalResource>
		
		<electricalResource class="ElectricalPowerSupply" name="dataCenterSupply">
			<profile>
				<electricalProducerProfile>
					<electricalProducerPlugin>
						<name>schedframe.resources.electrical.profiles.DefaultElectricalPowerSupplyPlugin</name>
						<!-- List of input name and corresponding priority (lower is higher priority) -->
						<parameter name="supplied">
							<value>dataCenter</value>
						</parameter>
					</electricalProducerPlugin>
				</electricalProducerProfile>
			</profile>
			<connectors>
				<input>input</input>
			</connectors>
			
		</electricalResource>
		
		<electricalNetwork>
			<connection output="photovoltalicPanel#output" input="mixer#pvInput"></connection>
			<connection output="gridSource#output" input="mixer#gridInput"></connection>
			
			<connection output="mixer#output" input="dataCenterSupply#input"></connection>
		</electricalNetwork>

		<computingResource class="DataCenter" name="dataCenter">
			<!-- Defined data center contains only 1 rack (if count attribute is not specified a default value=1 is assumed) -->
			<profile>
				<powerProfile>
					<energyEstimationPlugin>
						<name>example.energy.DataCenterEnergyEstimationPlugin</name>
					</energyEstimationPlugin>
				</powerProfile>
			</profile>

			<computingResource class="Rack" count="2">
				<!-- Rack consists of 2 computing nodes -->
				<computingResource class="Node" count="3">
					<profile>
						<!-- Definition of computing node power profile -->
						<powerProfile>
							<!-- Reference to energy usage estimation plugin -->
							<energyEstimationPlugin>
								<name>example.energy.NodeEnergyEstimationPlugin</name>
							</energyEstimationPlugin>
							<!-- Definition of supported power states and corresponding power consumption -->	
							<!-- Units according to the user interpretation, however statistics chart generator module by default express the values in Watts -->
							<powerStates>
								<powerState>
									<name>ON</name>
									<powerUsage>225</powerUsage>
								</powerState>
								<powerState>
									<name>OFF</name>
									<powerUsage>0</powerUsage>
								</powerState>
							</powerStates>				
						</powerProfile>
					</profile>
					
					<resourceUnit class="memory">
							<amount>8192</amount>
					</resourceUnit>
					
					<!-- Each of 3 computing nodes contains 1 processors-->
					<computingResource class="Processor" count="1">
						<profile>
							<!-- Definition of processor power profile -->
							<powerProfile>
								<!-- Reference to energy usage estimation plugin -->
								<energyEstimationPlugin>
									<name>example.energy.ProcessorEnergyEstimationPlugin</name>
								</energyEstimationPlugin>	
								<powerStates>
									<powerState>
										<name>ON</name>
										<powerUsage>75</powerUsage>
									</powerState>
								</powerStates>		
								<!-- Definition of supported p-states and corresponding frequency and voltage level and power consumption -->
								<!-- Units according to the user interpretation, however, as far as power usage is concerned, statistics chart generator module by default express the values in Watts -->
								<parameter name="pState">
									<property name="name">
										<value>P0</value>
									</property>	
									<property name="frequency">
										<value unit="Hz">3000</value>
									</property>		
									<property name="voltage">
										<value unit="V">0</value>
									</property>
									<property name="powerUsage">
										<value unit="W">236</value>
									</property>						
								</parameter>
								<parameter name="pState">
									<property name="name">
										<value>P1</value>
									</property>	
									<property name="frequency">
										<value unit="H`">2660</value>
									</property>		
									<property name="voltage">
										<value unit="V">0</value>
									</property>
									<property name="powerUsage">
										<value unit="W">200</value>
									</property>						
								</parameter>	
								<parameter name="pState">
									<property name="name">
										<value>P2</value>
									</property>	
									<property name="frequency">
										<value unit="H`">2330</value>
									</property>		
									<property name="voltage">
										<value unit="V">0</value>
									</property>
									<property name="powerUsage">
										<value unit="W">180</value>
									</property>						
								</parameter>
								<parameter name="pState">
									<property name="name">
										<value>P3</value>
									</property>	
									<property name="frequency">
										<value unit="H`">2000</value>
									</property>		
									<property name="voltage">
										<value unit="V">0</value>
									</property>
									<property name="powerUsage">
										<value unit="W">150</value>
									</property>						
								</parameter>								
							</powerProfile>
						</profile>
					</computingResource>
				</computingResource>	
			</computingResource>
		</computingResource>
		
		<scheduler class="Cluster" name="cluster">
			<!-- Definition of scheduling plugin at cluster level -->
			<!-- Switch between scheduling/power management plugins to observe the difference in power consumption -->
			<schedulingPlugin>
			    {%- if multiobj_algo == "bestfit" %}
			    <name>example.localplugin.Cluster_FCFSBF_DFSPlugin</name>
			    {%- else %}
				<!-- <name>example.localplugin.FCFSBF_ClusterPlugin</name> -->
				<name>datazero.Cluster_ElectricalSchedulerPlugin</name>
				<!--  <name>example.localplugin.Cluster_FCFSBF_DFSPlugin</name> -->
				<parameter name="frequency">
					<value>180</value>
				</parameter>
				<parameter name="electricalManager">
					<value>electricalManager</value>
				</parameter>
				<parameter name="moAlgorithm">
					<property name="algo">
						<value>{{ multiobj_algo }}</value>
					</property>
					{%- if multiobj_algo == "sum" or multiobj_algo.startswith("sinh") %}
					<property name="weightIt">
						<value>{{ factor }}</value>
					</property>
					<property name="weightElec">
						<value>{{ 1.0 - factor }}</value>
					</property>
					{%- elif multiobj_algo.startswith("fuzzy") %}
					<property name="fuzzyMargin">
						<value>{{ factor }}</value>
					</property>
					{%- endif %}

					{%- if multiobj_algo == "sinh-ext" %} 
					<property name="inCoef">
						<value>{{ in_coef }}</value>
					</property>
					{%- endif %}
				</parameter>
			    {%- endif %}
			</schedulingPlugin>
			<!-- Reference to managed resources - cluster manages resources belonging to the defined data center -->
			<managedComputingResources include="false">
				<resourceName>dataCenter</resourceName>
			</managedComputingResources>
		</scheduler>	
	</resources>

</environment>
