<job id="1">
   <task id="0">
      <requirements>
         <resourceRequirements>
            <computingResource>
               <hostParameter name="cpucount">
                  <value>1.0</value>
               </hostParameter>
               <hostParameter name="memory">
                  <value>1024.0</value>
               </hostParameter>
            </computingResource>
         </resourceRequirements>
      </requirements>
      <executionTime>
         <executionDuration>PT1H00M00S</executionDuration>
         <timePeriod>
            <periodStart>2016-02-25T08:00:00.000</periodStart>
            <periodEnd>2016-02-25T12:00:00.000</periodEnd>
         </timePeriod>
      </executionTime>
   </task>
   <task id="1">
      <requirements>
         <resourceRequirements>
            <computingResource>
               <hostParameter name="cpucount">
                  <value>1.0</value>
               </hostParameter>
               <hostParameter name="memory">
                  <value>1024.0</value>
               </hostParameter>
            </computingResource>
         </resourceRequirements>
      </requirements>
      <executionTime>
         <executionDuration>PT1H00M00S</executionDuration>
         <timePeriod>
            <periodStart>2016-02-25T08:00:00.000</periodStart>
            <periodEnd>2016-02-25T12:00:00.000</periodEnd>
         </timePeriod>
      </executionTime>
   </task>
   <task id="2">
      <requirements>
         <resourceRequirements>
            <computingResource>
               <hostParameter name="cpucount">
                  <value>1.0</value>
               </hostParameter>
               <hostParameter name="memory">
                  <value>1024.0</value>
               </hostParameter>
            </computingResource>
         </resourceRequirements>
      </requirements>
      <executionTime>
         <executionDuration>PT1H00M00S</executionDuration>
         <timePeriod>
            <periodStart>2016-02-25T08:00:00.000</periodStart>
            <periodEnd>2016-02-25T12:00:00.000</periodEnd>
         </timePeriod>
      </executionTime>
   </task>
   <task id="3">
      <requirements>
         <resourceRequirements>
            <computingResource>
               <hostParameter name="cpucount">
                  <value>1.0</value>
               </hostParameter>
               <hostParameter name="memory">
                  <value>1024.0</value>
               </hostParameter>
            </computingResource>
         </resourceRequirements>
      </requirements>
      <executionTime>
         <executionDuration>PT1H00M00S</executionDuration>
         <timePeriod>
            <periodStart>2016-02-25T08:00:00.000</periodStart>
            <periodEnd>2016-02-25T12:00:00.000</periodEnd>
         </timePeriod>
      </executionTime>
   </task>
   <task id="4">
      <requirements>
         <resourceRequirements>
            <computingResource>
               <hostParameter name="cpucount">
                  <value>1.0</value>
               </hostParameter>
               <hostParameter name="memory">
                  <value>1024.0</value>
               </hostParameter>
            </computingResource>
         </resourceRequirements>
      </requirements>
      <executionTime>
         <executionDuration>PT1H00M00S</executionDuration>
         <timePeriod>
            <periodStart>2016-02-25T08:00:00.000</periodStart>
            <periodEnd>2016-02-25T12:00:00.000</periodEnd>
         </timePeriod>
      </executionTime>
   </task>
   <task id="5">
      <requirements>
         <resourceRequirements>
            <computingResource>
               <hostParameter name="cpucount">
                  <value>1.0</value>
               </hostParameter>
               <hostParameter name="memory">
                  <value>1024.0</value>
               </hostParameter>
            </computingResource>
         </resourceRequirements>
      </requirements>
      <executionTime>
         <executionDuration>PT1H00M00S</executionDuration>
         <timePeriod>
            <periodStart>2016-02-25T08:00:00.000</periodStart>
            <periodEnd>2016-02-25T12:00:00.000</periodEnd>
         </timePeriod>
      </executionTime>
   </task>
</job>
