<job id="0">
   <task id="0">
      <requirements>
         <resourceRequirements>
            <computingResource>
               <hostParameter name="cpucount">
               <value>1</value>
               </hostParameter>
               <hostParameter name="memory">
               <value>2048</value>
               </hostParameter>
            </computingResource>
         </resourceRequirements>
      </requirements>
      <executionTime>
         <executionDuration>PT1H30M</executionDuration>
         <timePeriod>
            <periodStart>2016-06-01T06:00:00</periodStart>
            <periodEnd>2016-06-01T11:00:00</periodEnd>
         </timePeriod>
      </executionTime>
   </task>
   <task id="1">
      <requirements>
         <resourceRequirements>
            <computingResource>
               <hostParameter name="cpucount">
               <value>1</value>
               </hostParameter>
               <hostParameter name="memory">
               <value>2048</value>
               </hostParameter>
            </computingResource>
         </resourceRequirements>
      </requirements>
      <executionTime>
         <executionDuration>PT1H30M</executionDuration>
         <timePeriod>
            <periodStart>2016-06-01T06:00:00</periodStart>
            <periodEnd>2016-06-01T11:00:00</periodEnd>
         </timePeriod>
      </executionTime>
   </task>
   <task id="2">
      <requirements>
         <resourceRequirements>
            <computingResource>
               <hostParameter name="cpucount">
               <value>1</value>
               </hostParameter>
               <hostParameter name="memory">
               <value>2048</value>
               </hostParameter>
            </computingResource>
         </resourceRequirements>
      </requirements>
      <executionTime>
         <executionDuration>PT1H30M</executionDuration>
         <timePeriod>
            <periodStart>2016-06-01T06:00:00</periodStart>
            <periodEnd>2016-06-01T11:00:00</periodEnd>
         </timePeriod>
      </executionTime>
   </task>
   <task id="3">
      <requirements>
         <resourceRequirements>
            <computingResource>
               <hostParameter name="cpucount">
               <value>1</value>
               </hostParameter>
               <hostParameter name="memory">
               <value>2048</value>
               </hostParameter>
            </computingResource>
         </resourceRequirements>
      </requirements>
      <executionTime>
         <executionDuration>PT1H30M</executionDuration>
         <timePeriod>
            <periodStart>2016-06-01T06:00:00</periodStart>
            <periodEnd>2016-06-01T11:00:00</periodEnd>
         </timePeriod>
      </executionTime>
   </task>
   <task id="4">
      <requirements>
         <resourceRequirements>
            <computingResource>
               <hostParameter name="cpucount">
               <value>1</value>
               </hostParameter>
               <hostParameter name="memory">
               <value>2048</value>
               </hostParameter>
            </computingResource>
         </resourceRequirements>
      </requirements>
      <executionTime>
         <executionDuration>PT1H30M</executionDuration>
         <timePeriod>
            <periodStart>2016-06-01T06:00:00</periodStart>
            <periodEnd>2016-06-01T11:00:00</periodEnd>
         </timePeriod>
      </executionTime>
   </task>
   <task id="5">
      <requirements>
         <resourceRequirements>
            <computingResource>
               <hostParameter name="cpucount">
               <value>1</value>
               </hostParameter>
               <hostParameter name="memory">
               <value>2048</value>
               </hostParameter>
            </computingResource>
         </resourceRequirements>
      </requirements>
      <executionTime>
         <executionDuration>PT1H30M</executionDuration>
         <timePeriod>
            <periodStart>2016-06-01T06:00:00</periodStart>
            <periodEnd>2016-06-01T11:00:00</periodEnd>
         </timePeriod>
      </executionTime>
   </task>
</job>
