<job id="4">
   <task id="0">
      <requirements>
         <resourceRequirements>
            <computingResource>
               <hostParameter name="cpucount">
               <value>1</value>
               </hostParameter>
               <hostParameter name="memory">
               <value>1024</value>
               </hostParameter>
            </computingResource>
         </resourceRequirements>
      </requirements>
      <executionTime>
         <executionDuration>PT1H30M</executionDuration>
         <timePeriod>
            <periodStart>2016-06-01T14:00:00</periodStart>
            <periodEnd>2016-06-01T20:00:00</periodEnd>
         </timePeriod>
      </executionTime>
   </task>
   <task id="1">
      <requirements>
         <resourceRequirements>
            <computingResource>
               <hostParameter name="cpucount">
               <value>1</value>
               </hostParameter>
               <hostParameter name="memory">
               <value>1024</value>
               </hostParameter>
            </computingResource>
         </resourceRequirements>
      </requirements>
      <executionTime>
         <executionDuration>PT1H30M</executionDuration>
         <timePeriod>
            <periodStart>2016-06-01T14:00:00</periodStart>
            <periodEnd>2016-06-01T20:00:00</periodEnd>
         </timePeriod>
      </executionTime>
   </task>
   <task id="2">
      <requirements>
         <resourceRequirements>
            <computingResource>
               <hostParameter name="cpucount">
               <value>1</value>
               </hostParameter>
               <hostParameter name="memory">
               <value>1024</value>
               </hostParameter>
            </computingResource>
         </resourceRequirements>
      </requirements>
      <executionTime>
         <executionDuration>PT1H30M</executionDuration>
         <timePeriod>
            <periodStart>2016-06-01T14:00:00</periodStart>
            <periodEnd>2016-06-01T20:00:00</periodEnd>
         </timePeriod>
      </executionTime>
   </task>
   <task id="3">
      <requirements>
         <resourceRequirements>
            <computingResource>
               <hostParameter name="cpucount">
               <value>1</value>
               </hostParameter>
               <hostParameter name="memory">
               <value>1024</value>
               </hostParameter>
            </computingResource>
         </resourceRequirements>
      </requirements>
      <executionTime>
         <executionDuration>PT1H30M</executionDuration>
         <timePeriod>
            <periodStart>2016-06-01T14:00:00</periodStart>
            <periodEnd>2016-06-01T20:00:00</periodEnd>
         </timePeriod>
      </executionTime>
   </task>
</job>
